[{"model": "auth.permission", "pk": 1, "fields": {"name": "Can add log entry", "content_type": 1, "codename": "add_logentry"}}, {"model": "auth.permission", "pk": 2, "fields": {"name": "Can change log entry", "content_type": 1, "codename": "change_logentry"}}, {"model": "auth.permission", "pk": 3, "fields": {"name": "Can delete log entry", "content_type": 1, "codename": "delete_logentry"}}, {"model": "auth.permission", "pk": 4, "fields": {"name": "Can view log entry", "content_type": 1, "codename": "view_logentry"}}, {"model": "auth.permission", "pk": 5, "fields": {"name": "Can add permission", "content_type": 2, "codename": "add_permission"}}, {"model": "auth.permission", "pk": 6, "fields": {"name": "Can change permission", "content_type": 2, "codename": "change_permission"}}, {"model": "auth.permission", "pk": 7, "fields": {"name": "Can delete permission", "content_type": 2, "codename": "delete_permission"}}, {"model": "auth.permission", "pk": 8, "fields": {"name": "Can view permission", "content_type": 2, "codename": "view_permission"}}, {"model": "auth.permission", "pk": 9, "fields": {"name": "Can add group", "content_type": 3, "codename": "add_group"}}, {"model": "auth.permission", "pk": 10, "fields": {"name": "Can change group", "content_type": 3, "codename": "change_group"}}, {"model": "auth.permission", "pk": 11, "fields": {"name": "Can delete group", "content_type": 3, "codename": "delete_group"}}, {"model": "auth.permission", "pk": 12, "fields": {"name": "Can view group", "content_type": 3, "codename": "view_group"}}, {"model": "auth.permission", "pk": 13, "fields": {"name": "Can add user", "content_type": 4, "codename": "add_user"}}, {"model": "auth.permission", "pk": 14, "fields": {"name": "Can change user", "content_type": 4, "codename": "change_user"}}, {"model": "auth.permission", "pk": 15, "fields": {"name": "Can delete user", "content_type": 4, "codename": "delete_user"}}, {"model": "auth.permission", "pk": 16, "fields": {"name": "Can view user", "content_type": 4, "codename": "view_user"}}, {"model": "auth.permission", "pk": 17, "fields": {"name": "Can add content type", "content_type": 5, "codename": "add_contenttype"}}, {"model": "auth.permission", "pk": 18, "fields": {"name": "Can change content type", "content_type": 5, "codename": "change_contenttype"}}, {"model": "auth.permission", "pk": 19, "fields": {"name": "Can delete content type", "content_type": 5, "codename": "delete_contenttype"}}, {"model": "auth.permission", "pk": 20, "fields": {"name": "Can view content type", "content_type": 5, "codename": "view_contenttype"}}, {"model": "auth.permission", "pk": 21, "fields": {"name": "Can add session", "content_type": 6, "codename": "add_session"}}, {"model": "auth.permission", "pk": 22, "fields": {"name": "Can change session", "content_type": 6, "codename": "change_session"}}, {"model": "auth.permission", "pk": 23, "fields": {"name": "Can delete session", "content_type": 6, "codename": "delete_session"}}, {"model": "auth.permission", "pk": 24, "fields": {"name": "Can view session", "content_type": 6, "codename": "view_session"}}, {"model": "auth.permission", "pk": 25, "fields": {"name": "Can add Token", "content_type": 7, "codename": "add_token"}}, {"model": "auth.permission", "pk": 26, "fields": {"name": "Can change Token", "content_type": 7, "codename": "change_token"}}, {"model": "auth.permission", "pk": 27, "fields": {"name": "Can delete Token", "content_type": 7, "codename": "delete_token"}}, {"model": "auth.permission", "pk": 28, "fields": {"name": "Can view Token", "content_type": 7, "codename": "view_token"}}, {"model": "auth.permission", "pk": 29, "fields": {"name": "Can add Token", "content_type": 8, "codename": "add_tokenproxy"}}, {"model": "auth.permission", "pk": 30, "fields": {"name": "Can change Token", "content_type": 8, "codename": "change_tokenproxy"}}, {"model": "auth.permission", "pk": 31, "fields": {"name": "Can delete Token", "content_type": 8, "codename": "delete_tokenproxy"}}, {"model": "auth.permission", "pk": 32, "fields": {"name": "Can view Token", "content_type": 8, "codename": "view_tokenproxy"}}, {"model": "auth.permission", "pk": 33, "fields": {"name": "Can add user profile", "content_type": 9, "codename": "add_userprofile"}}, {"model": "auth.permission", "pk": 34, "fields": {"name": "Can change user profile", "content_type": 9, "codename": "change_userprofile"}}, {"model": "auth.permission", "pk": 35, "fields": {"name": "Can delete user profile", "content_type": 9, "codename": "delete_userprofile"}}, {"model": "auth.permission", "pk": 36, "fields": {"name": "Can view user profile", "content_type": 9, "codename": "view_userprofile"}}, {"model": "auth.permission", "pk": 37, "fields": {"name": "Can add macros", "content_type": 10, "codename": "add_macros"}}, {"model": "auth.permission", "pk": 38, "fields": {"name": "Can change macros", "content_type": 10, "codename": "change_macros"}}, {"model": "auth.permission", "pk": 39, "fields": {"name": "Can delete macros", "content_type": 10, "codename": "delete_macros"}}, {"model": "auth.permission", "pk": 40, "fields": {"name": "Can view macros", "content_type": 10, "codename": "view_macros"}}, {"model": "auth.permission", "pk": 41, "fields": {"name": "Can add food", "content_type": 11, "codename": "add_food"}}, {"model": "auth.permission", "pk": 42, "fields": {"name": "Can change food", "content_type": 11, "codename": "change_food"}}, {"model": "auth.permission", "pk": 43, "fields": {"name": "Can delete food", "content_type": 11, "codename": "delete_food"}}, {"model": "auth.permission", "pk": 44, "fields": {"name": "Can view food", "content_type": 11, "codename": "view_food"}}, {"model": "auth.permission", "pk": 45, "fields": {"name": "Can add daily log", "content_type": 12, "codename": "add_dailylog"}}, {"model": "auth.permission", "pk": 46, "fields": {"name": "Can change daily log", "content_type": 12, "codename": "change_dailylog"}}, {"model": "auth.permission", "pk": 47, "fields": {"name": "Can delete daily log", "content_type": 12, "codename": "delete_dailylog"}}, {"model": "auth.permission", "pk": 48, "fields": {"name": "Can view daily log", "content_type": 12, "codename": "view_dailylog"}}, {"model": "auth.user", "pk": 1, "fields": {"password": "pbkdf2_sha256$1000000$wmFFsBDtjP7TvPwuqK9eao$fEUwPm6UN0wAn5tUFMYUFlFLtOlFfUuQ76Nvsftu2FY=", "last_login": null, "is_superuser": false, "username": "gwen", "first_name": "", "last_name": "", "email": "", "is_staff": false, "is_active": true, "date_joined": "2026-03-12T13:13:57.112Z", "groups": [], "user_permissions": []}}, {"model": "auth.user", "pk": 2, "fields": {"password": "pbkdf2_sha256$1000000$f8Y6nrzw3JouxwQjYehriP$joqdUniFkayNhrjUWLhWeg7xhFMPkqq4iY4Orqq2VAQ=", "last_login": null, "is_superuser": false, "username": "gwenn", "first_name": "", "last_name": "", "email": "", "is_staff": false, "is_active": true, "date_joined": "2026-03-12T14:10:53.737Z", "groups": [], "user_permissions": []}}, {"model": "auth.user", "pk": 3, "fields": {"password": "pbkdf2_sha256$1000000$5SXxI7S9K94AuQPvnQDvWy$IoPANxc+n/x3V3S/TrRCaqe6+lWuIWCTTUnACuFg/Jk=", "last_login": null, "is_superuser": false, "username": "john", "first_name": "", "last_name": "", "email": "", "is_staff": false, "is_active": true, "date_joined": "2026-03-12T14:34:47.617Z", "groups": [], "user_permissions": []}}, {"model": "auth.user", "pk": 4, "fields": {"password": "pbkdf2_sha256$1000000$HJyOyC0oBuGKhysZi6CZbu$I5CdK86gAQzuVoCFtoJKz/nJ/fa+5iSmBmp5TrNS17M=", "last_login": "2026-03-13T14:41:40.453Z", "is_superuser": true, "username": "admin", "first_name": "", "last_name": "", "email": "admin@example.com", "is_staff": true, "is_active": true, "date_joined": "2026-03-13T14:40:49.401Z", "groups": [], "user_permissions": []}}, {"model": "auth.user", "pk": 5, "fields": {"password": "pbkdf2_sha256$1000000$T0RXBZVIjHnYLiJZcuXHC1$KEvTXMyotF/fCi/U9sR6xJrTVGkeBdaYzx7ZdZyNLnw=", "last_login": null, "is_superuser": false, "username": "crstiann", "first_name": "", "last_name": "", "email": "", "is_staff": false, "is_active": true, "date_joined": "2026-03-16T03:27:55.306Z", "groups": [], "user_permissions": []}}, {"model": "contenttypes.contenttype", "pk": 1, "fields": {"app_label": "admin", "model": "logentry"}}, {"model": "contenttypes.contenttype", "pk": 2, "fields": {"app_label": "auth", "model": "permission"}}, {"model": "contenttypes.contenttype", "pk": 3, "fields": {"app_label": "auth", "model": "group"}}, {"model": "contenttypes.contenttype", "pk": 4, "fields": {"app_label": "auth", "model": "user"}}, {"model": "contenttypes.contenttype", "pk": 5, "fields": {"app_label": "contenttypes", "model": "contenttype"}}, {"model": "contenttypes.contenttype", "pk": 6, "fields": {"app_label": "sessions", "model": "session"}}, {"model": "contenttypes.contenttype", "pk": 7, "fields": {"app_label": "authtoken", "model": "token"}}, {"model": "contenttypes.contenttype", "pk": 8, "fields": {"app_label": "authtoken", "model": "tokenproxy"}}, {"model": "contenttypes.contenttype", "pk": 9, "fields": {"app_label": "users", "model": "userprofile"}}, {"model": "contenttypes.contenttype", "pk": 10, "fields": {"app_label": "macros", "model": "macros"}}, {"model": "contenttypes.contenttype", "pk": 11, "fields": {"app_label": "foods", "model": "food"}}, {"model": "contenttypes.contenttype", "pk": 12, "fields": {"app_label": "logs", "model": "dailylog"}}, {"model": "sessions.session", "pk": "tj77u4avu4oqr8h585hdw9rk2n96lds3", "fields": {"session_data": ".eJxVjMsOgjAQAP9lz6bpY1ssR-98Q7PtdgU1kFA4Gf_dkHDQ68xk3pBo38a0t7qmiaEHhMsvy1SedT4EP2i-L6os87ZOWR2JOm1Tw8L1dTvbv8FIbYQeLOur86SRY0XsvI0ixRpXLYuPRMFmidp6UztCrUvnULKE4oXR6Bzg8wXX_DfI:1w13hs:ugVrK2zYbwFm4wYHa85rM6LkKliMelLR5eacSWaT2jQ", "expire_date": "2026-03-27T14:41:40.821Z"}}, {"model": "authtoken.token", "pk": "a0c71d470a92f01408447159755c48e60f24d714", "fields": {"user": 5, "created": "2026-03-16T03:28:08.480Z"}}, {"model": "authtoken.token", "pk": "af3f4b448a20da0ac919f341978b9d93984d7029", "fields": {"user": 2, "created": "2026-03-12T14:36:47.895Z"}}, {"model": "users.userprofile", "pk": 1, "fields": {"user": 1, "name": "Arnel Gwen Nuqui", "age": 21, "weight": 67, "height": 173, "gender": "male", "activity_level": "sedentary", "goal": "maintain", "target_calories": 2500, "target_protein": 188, "target_carbs": 250, "target_fats": 83, "created_at": "2026-03-12T13:13:58.037Z"}}, {"model": "users.userprofile", "pk": 2, "fields": {"user": 2, "name": "Gwen Nuqui", "age": 21, "weight": 67, "height": 175, "gender": "male", "activity_level": "light", "goal": "maintain", "target_calories": 2500, "target_protein": 188, "target_carbs": 250, "target_fats": 83, "created_at": "2026-03-12T14:10:56.164Z"}}, {"model": "users.userprofile", "pk": 3, "fields": {"user": 3, "name": "John Doe", "age": 21, "weight": 80, "height": 175, "gender": "male", "activity_level": "light", "goal": "maintain", "target_calories": 2466, "target_protein": 185, "target_carbs": 247, "target_fats": 82, "created_at": "2026-03-12T14:34:48.499Z"}}, {"model": "users.userprofile", "pk": 4, "fields": {"user": 5, "name": "Christian", "age": 21, "weight": 59, "height": 160, "gender": "male", "activity_level": "light", "goal": "maintain", "target_calories": 2049, "target_protein": 154, "target_carbs": 205, "target_fats": 68, "created_at": "2026-03-16T03:27:55.858Z"}}, {"model": "macros.macros", "pk": 1, "fields": {"user": 2, "calories": 2450.0, "protein": 128.6, "carbs": 288.0, "fats": 90.8, "fiber": 9.0, "sugar": 65.60000000000001, "saturated_fat": 33.2, "monounsaturated_fat": 33.3, "polyunsaturated_fat": 13.100000000000001, "trans_fat": 0.0, "cholesterol": 380.0, "sodium": 3124.0, "vitamin_a": 1085.0, "vitamin_c": 51.0, "vitamin_d": 0.0, "vitamin_e": 7.1000000000000005, "vitamin_k": 26.0, "vitamin_b1": 0.0, "vitamin_b2": 0.0, "vitamin_b3": 0.0, "vitamin_b6": 2.65, "vitamin_b9": 0.0, "vitamin_b12": 0.0, "calcium": 682.0, "iron": 18.3, "magnesium": 292.0, "phosphorus": 1516.0, "potassium": 2100.0, "zinc": 12.3, "copper": 0.78, "manganese": 3.4200000000000004, "date": "2026-03-13", "created_at": "2026-03-13T15:15:05.451Z"}}, {"model": "macros.macros", "pk": 2, "fields": {"user": 2, "calories": 0.0, "protein": 0.0, "carbs": 0.0, "fats": 0.0, "fiber": 0.0, "sugar": 0.0, "saturated_fat": 0.0, "monounsaturated_fat": 0.0, "polyunsaturated_fat": 0.0, "trans_fat": 0.0, "cholesterol": 0.0, "sodium": 0.0, "vitamin_a": 0.0, "vitamin_c": 0.0, "vitamin_d": 0.0, "vitamin_e": 0.0, "vitamin_k": 0.0, "vitamin_b1": 0.0, "vitamin_b2": 0.0, "vitamin_b3": 0.0, "vitamin_b6": 0.0, "vitamin_b9": 0.0, "vitamin_b12": 0.0, "calcium": 0.0, "iron": 0.0, "magnesium": 0.0, "phosphorus": 0.0, "potassium": 0.0, "zinc": 0.0, "copper": 0.0, "manganese": 0.0, "date": "2026-03-14", "created_at": "2026-03-14T02:54:35.497Z"}}, {"model": "macros.macros", "pk": 3, "fields": {"user": 2, "calories": 1656.0, "protein": 58.800000000000004, "carbs": 212.2, "fats": 62.6, "fiber": 5.6, "sugar": 74.2, "saturated_fat": 28.3, "monounsaturated_fat": 21.099999999999998, "polyunsaturated_fat": 6.1000000000000005, "trans_fat": 0.0, "cholesterol": 687.0, "sodium": 1359.0, "vitamin_a": 2080.0, "vitamin_c": 35.0, "vitamin_d": 0.0, "vitamin_e": 7.800000000000002, "vitamin_k": 11.600000000000003, "vitamin_b1": 0.0, "vitamin_b2": 0.0, "vitamin_b3": 0.0, "vitamin_b6": 1.2300000000000002, "vitamin_b9": 0.0, "vitamin_b12": 0.0, "calcium": 746.0, "iron": 13.700000000000001, "magnesium": 151.0, "phosphorus": 988.0, "potassium": 1248.0, "zinc": 7.400000000000001, "copper": 0.44000000000000006, "manganese": 1.2400000000000004, "date": "2026-03-16", "created_at": "2026-03-16T03:22:48.395Z"}}, {"model": "macros.macros", "pk": 4, "fields": {"user": 2, "calories": 0.0, "protein": 0.0, "carbs": 0.0, "fats": 0.0, "fiber": 0.0, "sugar": 0.0, "saturated_fat": 0.0, "monounsaturated_fat": 0.0, "polyunsaturated_fat": 0.0, "trans_fat": 0.0, "cholesterol": 0.0, "sodium": 0.0, "vitamin_a": 0.0, "vitamin_c": 0.0, "vitamin_d": 0.0, "vitamin_e": 0.0, "vitamin_k": 0.0, "vitamin_b1": 0.0, "vitamin_b2": 0.0, "vitamin_b3": 0.0, "vitamin_b6": 0.0, "vitamin_b9": 0.0, "vitamin_b12": 0.0, "calcium": 0.0, "iron": 0.0, "magnesium": 0.0, "phosphorus": 0.0, "potassium": 0.0, "zinc": 0.0, "copper": 0.0, "manganese": 0.0, "date": "2026-03-15", "created_at": "2026-03-16T03:51:01.852Z"}}, {"model": "foods.food", "pk": 1, "fields": {"name": "White Cooked Rice", "serving": "1 cup cooked (158 g)", "calories": 205.0, "water": 108.0, "total_fat": 0.4, "saturated_fat": 0.1, "monounsaturated_fat": 0.1, "polyunsaturated_fat": 0.1, "trans_fat": 0.0, "cholesterol": 0.0, "total_carbs": 45.0, "fiber": 0.6, "sugars": 0.1, "starch": 44.0, "protein": 4.3, "vitamin_a": 0.0, "vitamin_c": 0.0, "vitamin_e": 0.0, "vitamin_k": 0.0, "vitamin_b1": 0.0, "vitamin_b2": 0.0, "vitamin_b3": 0.0, "vitamin_b6": 0.1, "vitamin_b9": 0.0, "vitamin_b12": 0.0, "calcium": 16.0, "iron": 1.9, "magnesium": 19.0, "phosphorus": 68.0, "potassium": 55.0, "sodium": 2.0, "zinc": 0.8, "copper": 0.07, "manganese": 0.7, "created_by": 2, "created_at": "2026-03-13T14:57:18.071Z"}}, {"model": "foods.food", "pk": 2, "fields": {"name": "Energen Chocolate", "serving": "1 sachet (40 g)", "calories": 160.0, "water": 120.0, "total_fat": 3.0, "saturated_fat": 2.0, "monounsaturated_fat": 0.6, "polyunsaturated_fat": 0.3, "trans_fat": null, "cholesterol": 5.0, "total_carbs": 29.0, "fiber": 1.0, "sugars": 10.0, "starch": 18.0, "protein": 3.0, "vitamin_a": 150.0, "vitamin_c": 15.0, "vitamin_e": 1.0, "vitamin_k": 2.0, "vitamin_b1": null, "vitamin_b2": null, "vitamin_b3": null, "vitamin_b6": 0.2, "vitamin_b9": null, "vitamin_b12": null, "calcium": 120.0, "iron": 3.0, "magnesium": 30.0, "phosphorus": 120.0, "potassium": 180.0, "sodium": 150.0, "zinc": 1.0, "copper": 0.1, "manganese": 0.3, "created_by": 2, "created_at": "2026-03-13T15:19:18.055Z"}}, {"model": "foods.food", "pk": 3, "fields": {"name": "Sinigang na Isda", "serving": "1 bowl (300 g)", "calories": 180.0, "water": 240.0, "total_fat": 6.0, "saturated_fat": 1.5, "monounsaturated_fat": 2.5, "polyunsaturated_fat": 1.5, "trans_fat": null, "cholesterol": 55.0, "total_carbs": 8.0, "fiber": 2.0, "sugars": 2.0, "starch": 4.0, "protein": 24.0, "vitamin_a": 150.0, "vitamin_c": 20.0, "vitamin_e": 1.0, "vitamin_k": 8.0, "vitamin_b1": null, "vitamin_b2": null, "vitamin_b3": null, "vitamin_b6": 0.4, "vitamin_b9": null, "vitamin_b12": null, "calcium": 80.0, "iron": 1.5, "magnesium": 45.0, "phosphorus": 220.0, "potassium": 420.0, "sodium": 520.0, "zinc": 0.8, "copper": 0.1, "manganese": 0.3, "created_by": 2, "created_at": "2026-03-13T15:22:10.695Z"}}, {"model": "foods.food", "pk": 4, "fields": {"name": "Fried Chicken Thigh", "serving": "1 piece (120 g)", "calories": 290.0, "water": 60.0, "total_fat": 19.0, "saturated_fat": 5.0, "monounsaturated_fat": 8.0, "polyunsaturated_fat": 3.0, "trans_fat": null, "cholesterol": 85.0, "total_carbs": 8.0, "fiber": 0.3, "sugars": 0.5, "starch": 6.0, "protein": 26.0, "vitamin_a": 80.0, "vitamin_c": 0.0, "vitamin_e": 1.0, "vitamin_k": 3.0, "vitamin_b1": null, "vitamin_b2": null, "vitamin_b3": null, "vitamin_b6": 0.5, "vitamin_b9": null, "vitamin_b12": null, "calcium": 20.0, "iron": 1.3, "magnesium": 28.0, "phosphorus": 210.0, "potassium": 260.0, "sodium": 600.0, "zinc": 2.0, "copper": 0.05, "manganese": 0.1, "created_by": 2, "created_at": "2026-03-13T15:58:40.429Z"}}, {"model": "foods.food", "pk": 5, "fields": {"name": "Fried Chicken Breast", "serving": "1 piece (150 g)", "calories": 320.0, "water": 70.0, "total_fat": 20.0, "saturated_fat": 5.5, "monounsaturated_fat": 8.5, "polyunsaturated_fat": 3.5, "trans_fat": null, "cholesterol": 95.0, "total_carbs": 9.0, "fiber": 0.3, "sugars": 0.5, "starch": 7.0, "protein": 30.0, "vitamin_a": 90.0, "vitamin_c": 0.0, "vitamin_e": 1.2, "vitamin_k": 3.0, "vitamin_b1": null, "vitamin_b2": null, "vitamin_b3": null, "vitamin_b6": 0.6, "vitamin_b9": null, "vitamin_b12": null, "calcium": 22.0, "iron": 1.5, "magnesium": 30.0, "phosphorus": 240.0, "potassium": 300.0, "sodium": 650.0, "zinc": 2.2, "copper": 0.06, "manganese": 0.12, "created_by": 2, "created_at": "2026-03-13T16:00:47.618Z"}}, {"model": "foods.food", "pk": 6, "fields": {"name": "Fried Chicken Wing", "serving": "1 piece (90 g)", "calories": 210.0, "water": 45.0, "total_fat": 14.0, "saturated_fat": 3.5, "monounsaturated_fat": 6.0, "polyunsaturated_fat": 2.2, "trans_fat": null, "cholesterol": 70.0, "total_carbs": 6.0, "fiber": 0.2, "sugars": 0.3, "starch": 4.0, "protein": 18.0, "vitamin_a": 70.0, "vitamin_c": 0.0, "vitamin_e": 0.9, "vitamin_k": 2.0, "vitamin_b1": null, "vitamin_b2": null, "vitamin_b3": null, "vitamin_b6": 0.35, "vitamin_b9": null, "vitamin_b12": null, "calcium": 18.0, "iron": 1.0, "magnesium": 22.0, "phosphorus": 170.0, "potassium": 200.0, "sodium": 480.0, "zinc": 1.4, "copper": 0.04, "manganese": 0.08, "created_by": 2, "created_at": "2026-03-13T16:01:30.693Z"}}, {"model": "foods.food", "pk": 7, "fields": {"name": "Fried Chicken Leg", "serving": "1 piece (120 g)", "calories": 260.0, "water": 55.0, "total_fat": 17.0, "saturated_fat": 4.5, "monounsaturated_fat": 7.0, "polyunsaturated_fat": 2.8, "trans_fat": null, "cholesterol": 85.0, "total_carbs": 7.0, "fiber": 0.2, "sugars": 0.4, "starch": 5.0, "protein": 24.0, "vitamin_a": 85.0, "vitamin_c": 0.0, "vitamin_e": 1.0, "vitamin_k": 3.0, "vitamin_b1": null, "vitamin_b2": null, "vitamin_b3": null, "vitamin_b6": 0.45, "vitamin_b9": null, "vitamin_b12": null, "calcium": 20.0, "iron": 1.2, "magnesium": 26.0, "phosphorus": 200.0, "potassium": 250.0, "sodium": 560.0, "zinc": 1.8, "copper": 0.05, "manganese": 0.1, "created_by": 2, "created_at": "2026-03-13T16:01:51.697Z"}}, {"model": "foods.food", "pk": 8, "fields": {"name": "Presto Bread", "serving": "1 piece (35 g)", "calories": 110.0, "water": 10.0, "total_fat": 2.0, "saturated_fat": 0.5, "monounsaturated_fat": 0.7, "polyunsaturated_fat": 0.5, "trans_fat": null, "cholesterol": 0.0, "total_carbs": 20.0, "fiber": 1.0, "sugars": 3.0, "starch": 17.0, "protein": 3.0, "vitamin_a": 0.0, "vitamin_c": 0.0, "vitamin_e": 0.2, "vitamin_k": 1.0, "vitamin_b1": null, "vitamin_b2": null, "vitamin_b3": null, "vitamin_b6": 0.05, "vitamin_b9": null, "vitamin_b12": null, "calcium": 30.0, "iron": 1.0, "magnesium": 12.0, "phosphorus": 40.0, "potassium": 60.0, "sodium": 170.0, "zinc": 0.4, "copper": 0.05, "manganese": 0.2, "created_by": 2, "created_at": "2026-03-13T16:02:40.270Z"}}, {"model": "foods.food", "pk": 9, "fields": {"name": "Pancit", "serving": "1 plate (250 g)", "calories": 330.0, "water": 140.0, "total_fat": 10.0, "saturated_fat": 2.5, "monounsaturated_fat": 4.0, "polyunsaturated_fat": 2.0, "trans_fat": 0.0, "cholesterol": 35.0, "total_carbs": 45.0, "fiber": 3.0, "sugars": 4.0, "starch": 35.0, "protein": 14.0, "vitamin_a": 220.0, "vitamin_c": 12.0, "vitamin_e": 1.5, "vitamin_k": 18.0, "vitamin_b1": 0.0, "vitamin_b2": 0.0, "vitamin_b3": 0.0, "vitamin_b6": 0.3, "vitamin_b9": 0.0, "vitamin_b12": 0.0, "calcium": 45.0, "iron": 2.2, "magnesium": 40.0, "phosphorus": 180.0, "potassium": 320.0, "sodium": 720.0, "zinc": 1.4, "copper": 0.12, "manganese": 0.5, "created_by": 2, "created_at": "2026-03-13T16:11:02.118Z"}}, {"model": "foods.food", "pk": 10, "fields": {"name": "Kakanin", "serving": "1 piece (100 g)", "calories": 210.0, "water": 45.0, "total_fat": 5.0, "saturated_fat": 3.0, "monounsaturated_fat": 1.0, "polyunsaturated_fat": 0.5, "trans_fat": null, "cholesterol": 5.0, "total_carbs": 38.0, "fiber": 1.0, "sugars": 8.0, "starch": 30.0, "protein": 3.0, "vitamin_a": 40.0, "vitamin_c": 0.0, "vitamin_e": 0.3, "vitamin_k": 1.0, "vitamin_b1": null, "vitamin_b2": null, "vitamin_b3": null, "vitamin_b6": 0.05, "vitamin_b9": null, "vitamin_b12": null, "calcium": 40.0, "iron": 1.0, "magnesium": 25.0, "phosphorus": 70.0, "potassium": 120.0, "sodium": 90.0, "zinc": 0.6, "copper": 0.07, "manganese": 0.4, "created_by": 2, "created_at": "2026-03-13T16:14:02.128Z"}}, {"model": "foods.food", "pk": 11, "fields": {"name": "Ice Cream", "serving": "1 cup (130 g)", "calories": 270.0, "water": 80.0, "total_fat": 14.0, "saturated_fat": 9.0, "monounsaturated_fat": 4.0, "polyunsaturated_fat": 0.5, "trans_fat": null, "cholesterol": 55.0, "total_carbs": 31.0, "fiber": 0.0, "sugars": 28.0, "starch": 1.0, "protein": 5.0, "vitamin_a": 350.0, "vitamin_c": 1.0, "vitamin_e": 0.4, "vitamin_k": 2.0, "vitamin_b1": null, "vitamin_b2": null, "vitamin_b3": null, "vitamin_b6": 0.05, "vitamin_b9": null, "vitamin_b12": null, "calcium": 170.0, "iron": 0.2, "magnesium": 18.0, "phosphorus": 150.0, "potassium": 200.0, "sodium": 110.0, "zinc": 0.7, "copper": 0.02, "manganese": 0.02, "created_by": 2, "created_at": "2026-03-13T16:14:36.203Z"}}, {"model": "foods.food", "pk": 14, "fields": {"name": "Boiled Egg", "serving": "1 large egg (50 g)", "calories": 78.0, "water": 37.0, "total_fat": 5.3, "saturated_fat": 1.6, "monounsaturated_fat": 2.0, "polyunsaturated_fat": 0.7, "trans_fat": null, "cholesterol": 186.0, "total_carbs": 0.6, "fiber": 0.0, "sugars": 0.6, "starch": 0.0, "protein": 6.3, "vitamin_a": 270.0, "vitamin_c": 0.0, "vitamin_e": 0.5, "vitamin_k": 0.3, "vitamin_b1": null, "vitamin_b2": null, "vitamin_b3": null, "vitamin_b6": 0.06, "vitamin_b9": null, "vitamin_b12": null, "calcium": 28.0, "iron": 0.9, "magnesium": 6.0, "phosphorus": 99.0, "potassium": 69.0, "sodium": 62.0, "zinc": 0.6, "copper": 0.02, "manganese": 0.01, "created_by": 2, "created_at": "2026-03-16T03:25:52.633Z"}}, {"model": "foods.food", "pk": 15, "fields": {"name": "Bear Brand Milk", "serving": "1 sachet (33 g)", "calories": 150.0, "water": 2.0, "total_fat": 5.0, "saturated_fat": 3.2, "monounsaturated_fat": 1.3, "polyunsaturated_fat": 0.2, "trans_fat": 0.0, "cholesterol": 15.0, "total_carbs": 20.0, "fiber": 0.0, "sugars": 12.0, "starch": 8.0, "protein": 6.0, "vitamin_a": 250.0, "vitamin_c": 12.0, "vitamin_e": 2.0, "vitamin_k": 1.0, "vitamin_b1": 0.0, "vitamin_b2": 0.0, "vitamin_b3": 0.0, "vitamin_b6": 0.2, "vitamin_b9": 0.0, "vitamin_b12": 0.0, "calcium": 220.0, "iron": 3.0, "magnesium": 24.0, "phosphorus": 170.0, "potassium": 260.0, "sodium": 95.0, "zinc": 1.2, "copper": 0.05, "manganese": 0.02, "created_by": 2, "created_at": "2026-03-16T03:31:40.994Z"}}, {"model": "foods.food", "pk": 16, "fields": {"name": "Chicken AlaKing&Rice", "serving": "1 plate", "calories": 420.0, "water": 120.0, "total_fat": 14.0, "saturated_fat": 4.5, "monounsaturated_fat": 5.0, "polyunsaturated_fat": 2.0, "trans_fat": 0.0, "cholesterol": 75.0, "total_carbs": 52.0, "fiber": 2.0, "sugars": 3.0, "starch": 44.0, "protein": 21.0, "vitamin_a": 420.0, "vitamin_c": 8.0, "vitamin_e": 1.2, "vitamin_k": 6.0, "vitamin_b1": 0.0, "vitamin_b2": 0.0, "vitamin_b3": 0.0, "vitamin_b6": 0.45, "vitamin_b9": 0.0, "vitamin_b12": 0.0, "calcium": 80.0, "iron": 2.1, "magnesium": 35.0, "phosphorus": 220.0, "potassium": 320.0, "sodium": 520.0, "zinc": 1.8, "copper": 0.09, "manganese": 0.5, "created_by": 2, "created_at": "2026-03-16T04:14:48.526Z"}}, {"model": "foods.food", "pk": 17, "fields": {"name": "Japanese Cake Yema", "serving": "1 piece small cake (35 g)", "calories": 120.0, "water": 8.0, "total_fat": 4.5, "saturated_fat": 2.2, "monounsaturated_fat": 1.6, "polyunsaturated_fat": 0.4, "trans_fat": 0.0, "cholesterol": 35.0, "total_carbs": 18.0, "fiber": 0.3, "sugars": 8.0, "starch": 10.0, "protein": 2.5, "vitamin_a": 110.0, "vitamin_c": 0.0, "vitamin_e": 0.4, "vitamin_k": 0.3, "vitamin_b1": 0.0, "vitamin_b2": 0.0, "vitamin_b3": 0.0, "vitamin_b6": 0.04, "vitamin_b9": 0.0, "vitamin_b12": 0.0, "calcium": 35.0, "iron": 0.5, "magnesium": 6.0, "phosphorus": 40.0, "potassium": 45.0, "sodium": 70.0, "zinc": 0.3, "copper": 0.02, "manganese": 0.05, "created_by": 2, "created_at": "2026-03-16T04:39:09.688Z"}}, {"model": "foods.food", "pk": 18, "fields": {"name": "Japanese Cake Cheese", "serving": "1 piece small cake (35 g)", "calories": 130.0, "water": 8.0, "total_fat": 5.5, "saturated_fat": 3.0, "monounsaturated_fat": 1.8, "polyunsaturated_fat": 0.3, "trans_fat": 0.0, "cholesterol": 40.0, "total_carbs": 17.0, "fiber": 0.2, "sugars": 7.0, "starch": 10.0, "protein": 3.0, "vitamin_a": 150.0, "vitamin_c": 0.0, "vitamin_e": 0.4, "vitamin_k": 0.4, "vitamin_b1": 0.0, "vitamin_b2": 0.0, "vitamin_b3": 0.0, "vitamin_b6": 0.04, "vitamin_b9": 0.0, "vitamin_b12": 0.0, "calcium": 60.0, "iron": 0.5, "magnesium": 7.0, "phosphorus": 55.0, "potassium": 50.0, "sodium": 90.0, "zinc": 0.4, "copper": 0.02, "manganese": 0.05, "created_by": 2, "created_at": "2026-03-16T04:39:46.472Z"}}, {"model": "foods.food", "pk": 19, "fields": {"name": "Japanese Cake Choco", "serving": "1 piece small cake (35 g)", "calories": 135.0, "water": 7.0, "total_fat": 5.0, "saturated_fat": 2.5, "monounsaturated_fat": 1.7, "polyunsaturated_fat": 0.4, "trans_fat": 0.0, "cholesterol": 35.0, "total_carbs": 20.0, "fiber": 0.8, "sugars": 9.0, "starch": 11.0, "protein": 2.6, "vitamin_a": 100.0, "vitamin_c": 0.0, "vitamin_e": 0.5, "vitamin_k": 0.3, "vitamin_b1": 0.0, "vitamin_b2": 0.0, "vitamin_b3": 0.0, "vitamin_b6": 0.05, "vitamin_b9": 0.0, "vitamin_b12": 0.0, "calcium": 40.0, "iron": 0.9, "magnesium": 12.0, "phosphorus": 45.0, "potassium": 80.0, "sodium": 75.0, "zinc": 0.4, "copper": 0.04, "manganese": 0.1, "created_by": 2, "created_at": "2026-03-16T04:40:05.489Z"}}, {"model": "logs.dailylog", "pk": 2, "fields": {"user": 2, "food": 1, "meal_type": "lunch", "quantity": 1, "created_at": "2026-03-13"}}, {"model": "logs.dailylog", "pk": 3, "fields": {"user": 2, "food": 2, "meal_type": "breakfast", "quantity": 1, "created_at": "2026-03-13"}}, {"model": "logs.dailylog", "pk": 4, "fields": {"user": 2, "food": 2, "meal_type": "snack", "quantity": 1, "created_at": "2026-03-13"}}, {"model": "logs.dailylog", "pk": 5, "fields": {"user": 2, "food": 1, "meal_type": "dinner", "quantity": 1, "created_at": "2026-03-13"}}, {"model": "logs.dailylog", "pk": 6, "fields": {"user": 2, "food": 4, "meal_type": "dinner", "quantity": 1, "created_at": "2026-03-13"}}, {"model": "logs.dailylog", "pk": 7, "fields": {"user": 2, "food": 4, "meal_type": "dinner", "quantity": 1, "created_at": "2026-03-13"}}, {"model": "logs.dailylog", "pk": 8, "fields": {"user": 2, "food": 8, "meal_type": "snack", "quantity": 1, "created_at": "2026-03-13"}}, {"model": "logs.dailylog", "pk": 9, "fields": {"user": 2, "food": 8, "meal_type": "breakfast", "quantity": 1, "created_at": "2026-03-13"}}, {"model": "logs.dailylog", "pk": 10, "fields": {"user": 2, "food": 3, "meal_type": "lunch", "quantity": 1, "created_at": "2026-03-13"}}, {"model": "logs.dailylog", "pk": 11, "fields": {"user": 2, "food": 10, "meal_type": "dinner", "quantity": 1, "created_at": "2026-03-13"}}, {"model": "logs.dailylog", "pk": 12, "fields": {"user": 2, "food": 11, "meal_type": "dinner", "quantity": 1, "created_at": "2026-03-13"}}, {"model": "logs.dailylog", "pk": 13, "fields": {"user": 2, "food": 7, "meal_type": "dinner", "quantity": 1, "created_at": "2026-03-13"}}, {"model": "logs.dailylog", "pk": 16, "fields": {"user": 2, "food": 2, "meal_type": "breakfast", "quantity": 1, "created_at": "2026-03-16"}}, {"model": "logs.dailylog", "pk": 17, "fields": {"user": 2, "food": 14, "meal_type": "breakfast", "quantity": 1, "created_at": "2026-03-16"}}, {"model": "logs.dailylog", "pk": 18, "fields": {"user": 2, "food": 14, "meal_type": "breakfast", "quantity": 1, "created_at": "2026-03-16"}}, {"model": "logs.dailylog", "pk": 19, "fields": {"user": 2, "food": 15, "meal_type": "breakfast", "quantity": 1, "created_at": "2026-03-16"}}, {"model": "logs.dailylog", "pk": 21, "fields": {"user": 2, "food": 16, "meal_type": "lunch", "quantity": 1, "created_at": "2026-03-16"}}, {"model": "logs.dailylog", "pk": 22, "fields": {"user": 2, "food": 17, "meal_type": "snack", "quantity": 1, "created_at": "2026-03-16"}}, {"model": "logs.dailylog", "pk": 23, "fields": {"user": 2, "food": 17, "meal_type": "snack", "quantity": 1, "created_at": "2026-03-16"}}, {"model": "logs.dailylog", "pk": 24, "fields": {"user": 2, "food": 18, "meal_type": "snack", "quantity": 1, "created_at": "2026-03-16"}}, {"model": "logs.dailylog", "pk": 25, "fields": {"user": 2, "food": 18, "meal_type": "snack", "quantity": 1, "created_at": "2026-03-16"}}, {"model": "logs.dailylog", "pk": 26, "fields": {"user": 2, "food": 19, "meal_type": "snack", "quantity": 1, "created_at": "2026-03-16"}}, {"model": "logs.dailylog", "pk": 27, "fields": {"user": 2, "food": 19, "meal_type": "snack", "quantity": 1, "created_at": "2026-03-16"}}]