[{"model": "admin.logentry", "pk": 1, "fields": {"action_time": "2026-02-07T10:17:47.877Z", "user": 1, "content_type": 7, "object_id": "1", "object_repr": "Arnel Gweb Nuqui", "action_flag": 2, "change_message": "[{\"changed\": {\"fields\": [\"User\"]}}]"}}, {"model": "admin.logentry", "pk": 2, "fields": {"action_time": "2026-02-07T10:19:01.223Z", "user": 1, "content_type": 7, "object_id": "1", "object_repr": "Arnel Gweb Nuqui", "action_flag": 2, "change_message": "[]"}}, {"model": "admin.logentry", "pk": 3, "fields": {"action_time": "2026-02-07T15:33:31.822Z", "user": 1, "content_type": 4, "object_id": "2", "object_repr": "arnel", "action_flag": 2, "change_message": "[{\"changed\": {\"fields\": [\"password\"]}}]"}}, {"model": "admin.logentry", "pk": 4, "fields": {"action_time": "2026-02-07T15:47:16.464Z", "user": 1, "content_type": 4, "object_id": "1", "object_repr": "gwen", "action_flag": 2, "change_message": "[{\"changed\": {\"fields\": [\"password\"]}}]"}}, {"model": "admin.logentry", "pk": 5, "fields": {"action_time": "2026-02-09T03:22:15.597Z", "user": 1, "content_type": 4, "object_id": "2", "object_repr": "arnel", "action_flag": 2, "change_message": "[{\"changed\": {\"fields\": [\"password\"]}}]"}}, {"model": "admin.logentry", "pk": 6, "fields": {"action_time": "2026-02-09T03:25:37.786Z", "user": 1, "content_type": 4, "object_id": "3", "object_repr": "gwenny", "action_flag": 3, "change_message": ""}}, {"model": "auth.permission", "pk": 1, "fields": {"name": "Can add log entry", "content_type": 1, "codename": "add_logentry"}}, {"model": "auth.permission", "pk": 2, "fields": {"name": "Can change log entry", "content_type": 1, "codename": "change_logentry"}}, {"model": "auth.permission", "pk": 3, "fields": {"name": "Can delete log entry", "content_type": 1, "codename": "delete_logentry"}}, {"model": "auth.permission", "pk": 4, "fields": {"name": "Can view log entry", "content_type": 1, "codename": "view_logentry"}}, {"model": "auth.permission", "pk": 5, "fields": {"name": "Can add permission", "content_type": 2, "codename": "add_permission"}}, {"model": "auth.permission", "pk": 6, "fields": {"name": "Can change permission", "content_type": 2, "codename": "change_permission"}}, {"model": "auth.permission", "pk": 7, "fields": {"name": "Can delete permission", "content_type": 2, "codename": "delete_permission"}}, {"model": "auth.permission", "pk": 8, "fields": {"name": "Can view permission", "content_type": 2, "codename": "view_permission"}}, {"model": "auth.permission", "pk": 9, "fields": {"name": "Can add group", "content_type": 3, "codename": "add_group"}}, {"model": "auth.permission", "pk": 10, "fields": {"name": "Can change group", "content_type": 3, "codename": "change_group"}}, {"model": "auth.permission", "pk": 11, "fields": {"name": "Can delete group", "content_type": 3, "codename": "delete_group"}}, {"model": "auth.permission", "pk": 12, "fields": {"name": "Can view group", "content_type": 3, "codename": "view_group"}}, {"model": "auth.permission", "pk": 13, "fields": {"name": "Can add user", "content_type": 4, "codename": "add_user"}}, {"model": "auth.permission", "pk": 14, "fields": {"name": "Can change user", "content_type": 4, "codename": "change_user"}}, {"model": "auth.permission", "pk": 15, "fields": {"name": "Can delete user", "content_type": 4, "codename": "delete_user"}}, {"model": "auth.permission", "pk": 16, "fields": {"name": "Can view user", "content_type": 4, "codename": "view_user"}}, {"model": "auth.permission", "pk": 17, "fields": {"name": "Can add content type", "content_type": 5, "codename": "add_contenttype"}}, {"model": "auth.permission", "pk": 18, "fields": {"name": "Can change content type", "content_type": 5, "codename": "change_contenttype"}}, {"model": "auth.permission", "pk": 19, "fields": {"name": "Can delete content type", "content_type": 5, "codename": "delete_contenttype"}}, {"model": "auth.permission", "pk": 20, "fields": {"name": "Can view content type", "content_type": 5, "codename": "view_contenttype"}}, {"model": "auth.permission", "pk": 21, "fields": {"name": "Can add session", "content_type": 6, "codename": "add_session"}}, {"model": "auth.permission", "pk": 22, "fields": {"name": "Can change session", "content_type": 6, "codename": "change_session"}}, {"model": "auth.permission", "pk": 23, "fields": {"name": "Can delete session", "content_type": 6, "codename": "delete_session"}}, {"model": "auth.permission", "pk": 24, "fields": {"name": "Can view session", "content_type": 6, "codename": "view_session"}}, {"model": "auth.permission", "pk": 25, "fields": {"name": "Can add user profile", "content_type": 7, "codename": "add_userprofile"}}, {"model": "auth.permission", "pk": 26, "fields": {"name": "Can change user profile", "content_type": 7, "codename": "change_userprofile"}}, {"model": "auth.permission", "pk": 27, "fields": {"name": "Can delete user profile", "content_type": 7, "codename": "delete_userprofile"}}, {"model": "auth.permission", "pk": 28, "fields": {"name": "Can view user profile", "content_type": 7, "codename": "view_userprofile"}}, {"model": "auth.permission", "pk": 29, "fields": {"name": "Can add macros", "content_type": 8, "codename": "add_macros"}}, {"model": "auth.permission", "pk": 30, "fields": {"name": "Can change macros", "content_type": 8, "codename": "change_macros"}}, {"model": "auth.permission", "pk": 31, "fields": {"name": "Can delete macros", "content_type": 8, "codename": "delete_macros"}}, {"model": "auth.permission", "pk": 32, "fields": {"name": "Can view macros", "content_type": 8, "codename": "view_macros"}}, {"model": "auth.permission", "pk": 33, "fields": {"name": "Can add food", "content_type": 9, "codename": "add_food"}}, {"model": "auth.permission", "pk": 34, "fields": {"name": "Can change food", "content_type": 9, "codename": "change_food"}}, {"model": "auth.permission", "pk": 35, "fields": {"name": "Can delete food", "content_type": 9, "codename": "delete_food"}}, {"model": "auth.permission", "pk": 36, "fields": {"name": "Can view food", "content_type": 9, "codename": "view_food"}}, {"model": "auth.permission", "pk": 37, "fields": {"name": "Can add daily log", "content_type": 10, "codename": "add_dailylog"}}, {"model": "auth.permission", "pk": 38, "fields": {"name": "Can change daily log", "content_type": 10, "codename": "change_dailylog"}}, {"model": "auth.permission", "pk": 39, "fields": {"name": "Can delete daily log", "content_type": 10, "codename": "delete_dailylog"}}, {"model": "auth.permission", "pk": 40, "fields": {"name": "Can view daily log", "content_type": 10, "codename": "view_dailylog"}}, {"model": "auth.permission", "pk": 41, "fields": {"name": "Can add Token", "content_type": 11, "codename": "add_token"}}, {"model": "auth.permission", "pk": 42, "fields": {"name": "Can change Token", "content_type": 11, "codename": "change_token"}}, {"model": "auth.permission", "pk": 43, "fields": {"name": "Can delete Token", "content_type": 11, "codename": "delete_token"}}, {"model": "auth.permission", "pk": 44, "fields": {"name": "Can view Token", "content_type": 11, "codename": "view_token"}}, {"model": "auth.permission", "pk": 45, "fields": {"name": "Can add Token", "content_type": 12, "codename": "add_tokenproxy"}}, {"model": "auth.permission", "pk": 46, "fields": {"name": "Can change Token", "content_type": 12, "codename": "change_tokenproxy"}}, {"model": "auth.permission", "pk": 47, "fields": {"name": "Can delete Token", "content_type": 12, "codename": "delete_tokenproxy"}}, {"model": "auth.permission", "pk": 48, "fields": {"name": "Can view Token", "content_type": 12, "codename": "view_tokenproxy"}}, {"model": "auth.user", "pk": 1, "fields": {"password": "pbkdf2_sha256$1000000$iLjSpz3D7cm91CYJvANUbY$FGTOfgUBXrUDsECoTON+XNBO7nwe/yQfiRXpAAlwOdc=", "last_login": "2026-03-11T01:23:25.821Z", "is_superuser": true, "username": "gwen", "first_name": "", "last_name": "", "email": "arnelgwenn@gmail.com", "is_staff": true, "is_active": true, "date_joined": "2026-02-05T07:11:42.818Z", "groups": [], "user_permissions": []}}, {"model": "auth.user", "pk": 2, "fields": {"password": "pbkdf2_sha256$1200000$z6FfFPQLUWrxH92BIhsK4z$fhrDzFKrUvs/52/sDH/odGPErvBGWIrjslduU0Y4YNo=", "last_login": null, "is_superuser": false, "username": "arnel", "first_name": "", "last_name": "", "email": "", "is_staff": false, "is_active": true, "date_joined": "2026-02-07T10:30:45.417Z", "groups": [], "user_permissions": []}}, {"model": "auth.user", "pk": 4, "fields": {"password": "pbkdf2_sha256$1200000$wxWsJXtv6y2ZHNywItviVy$SmrWp4qCJyflm2VXiU+jqyYWhWxjNeL82/d9xsM/HNc=", "last_login": null, "is_superuser": false, "username": "joy", "first_name": "", "last_name": "", "email": "", "is_staff": false, "is_active": true, "date_joined": "2026-02-09T13:29:16.366Z", "groups": [], "user_permissions": []}}, {"model": "contenttypes.contenttype", "pk": 1, "fields": {"app_label": "admin", "model": "logentry"}}, {"model": "contenttypes.contenttype", "pk": 2, "fields": {"app_label": "auth", "model": "permission"}}, {"model": "contenttypes.contenttype", "pk": 3, "fields": {"app_label": "auth", "model": "group"}}, {"model": "contenttypes.contenttype", "pk": 4, "fields": {"app_label": "auth", "model": "user"}}, {"model": "contenttypes.contenttype", "pk": 5, "fields": {"app_label": "contenttypes", "model": "contenttype"}}, {"model": "contenttypes.contenttype", "pk": 6, "fields": {"app_label": "sessions", "model": "session"}}, {"model": "contenttypes.contenttype", "pk": 7, "fields": {"app_label": "users", "model": "userprofile"}}, {"model": "contenttypes.contenttype", "pk": 8, "fields": {"app_label": "macros", "model": "macros"}}, {"model": "contenttypes.contenttype", "pk": 9, "fields": {"app_label": "foods", "model": "food"}}, {"model": "contenttypes.contenttype", "pk": 10, "fields": {"app_label": "logs", "model": "dailylog"}}, {"model": "contenttypes.contenttype", "pk": 11, "fields": {"app_label": "authtoken", "model": "token"}}, {"model": "contenttypes.contenttype", "pk": 12, "fields": {"app_label": "authtoken", "model": "tokenproxy"}}, {"model": "sessions.session", "pk": "dti7jo5ckq9llsn35jtbj18n4cf6rilu", "fields": {"session_data": ".eJxVjEEOwiAQRe_C2hAoBAaX7j0DmWFAqgaS0q6Md9cmXej2v_f-S0Tc1hq3kZc4szgLLU6_G2F65LYDvmO7dZl6W5eZ5K7Igw557Zyfl8P9O6g46rcG9AoMEJPzOtgEDOTAFzcxWouKylRSMIZsZhVU0Ul7n5NhQGJtvHh_AOXxODk:1vphX7:vE7z_H2vyBvBB34RmmZNg7zci8tCR9uDJPdgVeGHEKE", "expire_date": "2026-02-24T06:47:37.014Z"}}, {"model": "sessions.session", "pk": "rptabbgpp3i1880sk5k19jy98q70fhhn", "fields": {"session_data": ".eJxVjDsOwjAQBe_iGllex79Q0nMGa7324gBypDipEHeHSCmgfTPzXiLitta49bLEKYuzAHH63RLSo7Qd5Du22yxpbusyJbkr8qBdXudcnpfD_Tuo2Ou3NsbSyGxVUDmw8xY4OQNsnA4DWQiB0GvlR8bkNUIwGQ145UhbGLQS7w_Fajax:1w08IH:xoVa4Sw2QqiepuoFiBEJHo5YZW1HEypnmnCmNodaKfk", "expire_date": "2026-03-25T01:23:25.827Z"}}, {"model": "sessions.session", "pk": "xyac44ypyl9k8oajcupykzf9hl8tsua9", "fields": {"session_data": ".eJxVjDEKwzAMAP-iuZhYNrGcsXvfEGRLqdMWB-JkKv17CWRo17vj3jDyvpVxb7qOs8AAFi6_LHF-aj2EPLjeF5OXuq1zMkdiTtvMbRF9Xc_2b1C4FRjAOwqiSMgaswuSOhJ03Cf00ZGPEiYrZFPwmnsXGX2YOuxIVS1KIvh8AdfuN68:1vpPxq:GsIGnXqw4WeEvako0pQodI63ZrJ-kBI-gYY3cVcD0Dc", "expire_date": "2026-02-23T12:02:02.637Z"}}, {"model": "authtoken.token", "pk": "aaf88c469d1a974ec7a12d8ae6cbfe8956e3709b", "fields": {"user": 1, "created": "2026-03-12T00:08:26.506Z"}}, {"model": "users.userprofile", "pk": 1, "fields": {"user": 1, "name": "Arnel Gwen Nuqui", "age": 21, "weight": 67, "height": 175, "gender": "male", "activity_level": "sedentary", "goal": "maintain", "target_calories": 2500, "target_protein": 150, "target_carbs": 200, "target_fats": 70, "created_at": "2026-02-06T06:44:28.399Z"}}, {"model": "users.userprofile", "pk": 2, "fields": {"user": 2, "name": "Gwen Nuqui", "age": 21, "weight": 67, "height": 175, "gender": "male", "activity_level": "sedentary", "goal": "maintain", "target_calories": 2500, "target_protein": 150, "target_carbs": 200, "target_fats": 70, "created_at": "2026-02-07T10:30:47.251Z"}}, {"model": "users.userprofile", "pk": 4, "fields": {"user": 4, "name": "Joy Boy", "age": 25, "weight": 65, "height": 175, "gender": "male", "activity_level": "sedentary", "goal": "maintain", "target_calories": 2500, "target_protein": 190, "target_carbs": 200, "target_fats": 70, "created_at": "2026-02-09T13:29:17.873Z"}}, {"model": "macros.macros", "pk": 1, "fields": {"user": 1, "calories": 1535.0, "protein": 64.3, "carbs": 169.0, "fats": 66.4, "fiber": 7.1, "sugar": 66.1, "saturated_fat": 27.1, "monounsaturated_fat": 25.1, "polyunsaturated_fat": 9.1, "trans_fat": 299.0, "cholesterol": 300.0, "sodium": 1982.0, "vitamin_a": 233.0, "vitamin_c": 20.0, "vitamin_d": 0.0, "vitamin_e": 2.6999999999999997, "vitamin_k": 14.1, "vitamin_b1": 18.300000000000004, "vitamin_b2": 1.33, "vitamin_b3": 0.0, "vitamin_b6": 1.2, "vitamin_b9": 0.0, "vitamin_b12": 0.8200000000000001, "calcium": 286.0, "iron": 10.3, "magnesium": 143.0, "phosphorus": 898.0, "potassium": 1525.0, "zinc": 9.100000000000001, "copper": 0.63, "manganese": 1.92, "date": "2026-02-09", "created_at": "2026-02-09T02:32:12.599Z"}}, {"model": "macros.macros", "pk": 2, "fields": {"user": 1, "calories": 1240.0, "protein": 61.599999999999994, "carbs": 154.0, "fats": 41.8, "fiber": 4.2, "sugar": 34.2, "saturated_fat": 14.2, "monounsaturated_fat": 16.2, "polyunsaturated_fat": 7.199999999999999, "trans_fat": 390.0, "cholesterol": 225.0, "sodium": 1734.0, "vitamin_a": 145.0, "vitamin_c": 10.0, "vitamin_d": 0.0, "vitamin_e": 2.1, "vitamin_k": 9.2, "vitamin_b1": 19.400000000000002, "vitamin_b2": 0.81, "vitamin_b3": 0.0, "vitamin_b6": 1.2, "vitamin_b9": 0.0, "vitamin_b12": 0.54, "calcium": 178.0, "iron": 8.500000000000002, "magnesium": 122.0, "phosphorus": 736.0, "potassium": 1040.0, "zinc": 7.200000000000001, "copper": 0.48000000000000004, "manganese": 1.94, "date": "2026-02-10", "created_at": "2026-02-10T06:29:50.828Z"}}, {"model": "macros.macros", "pk": 3, "fields": {"user": 1, "calories": 2605.0, "protein": 162.5, "carbs": 214.29999999999998, "fats": 124.7, "fiber": 8.599999999999998, "sugar": 54.5, "saturated_fat": 35.0, "monounsaturated_fat": 48.9, "polyunsaturated_fat": 26.700000000000006, "trans_fat": 440.0, "cholesterol": 860.0, "sodium": 3541.0, "vitamin_a": 1095.0, "vitamin_c": 18.999999999999996, "vitamin_d": 0.0, "vitamin_e": 12.599999999999996, "vitamin_k": 32.599999999999994, "vitamin_b1": 13.68, "vitamin_b2": 1.4000000000000001, "vitamin_b3": 0.0, "vitamin_b6": 3.5999999999999996, "vitamin_b9": 0.0, "vitamin_b12": 1.26, "calcium": 774.0, "iron": 23.919999999999998, "magnesium": 366.0, "phosphorus": 2050.0, "potassium": 2903.0, "zinc": 19.75, "copper": 1.6200000000000006, "manganese": 4.57, "date": "2026-03-11", "created_at": "2026-03-11T06:23:06.443Z"}}, {"model": "macros.macros", "pk": 4, "fields": {"user": 1, "calories": 965.0, "protein": 44.3, "carbs": 91.0, "fats": 46.4, "fiber": 4.4, "sugar": 13.300000000000002, "saturated_fat": 23.7, "monounsaturated_fat": 14.1, "polyunsaturated_fat": 5.1, "trans_fat": 243.0, "cholesterol": 112.0, "sodium": 1442.0, "vitamin_a": 550.0, "vitamin_c": 24.799999999999997, "vitamin_d": 0.0, "vitamin_e": 5.0, "vitamin_k": 15.1, "vitamin_b1": 11.3, "vitamin_b2": 1.06, "vitamin_b3": 0.0, "vitamin_b6": 1.2500000000000002, "vitamin_b9": 0.0, "vitamin_b12": 0.72, "calcium": 369.0, "iron": 12.100000000000001, "magnesium": 133.0, "phosphorus": 618.0, "potassium": 905.0, "zinc": 9.799999999999999, "copper": 0.77, "manganese": 2.8200000000000003, "date": "2026-03-12", "created_at": "2026-03-12T00:47:25.220Z"}}, {"model": "foods.food", "pk": 1, "fields": {"name": "White Rice (Kanin)", "serving": "1 cup cooked", "calories": 205.0, "water": 106.0, "total_fat": 0.4, "saturated_fat": 0.1, "monounsaturated_fat": 0.1, "polyunsaturated_fat": 0.1, "trans_fat": 153.0, "cholesterol": 0.0, "total_carbs": 45.0, "fiber": 0.6, "sugars": 0.1, "starch": 43.0, "protein": 4.3, "vitamin_a": 0.0, "vitamin_c": 0.0, "vitamin_e": 0.1, "vitamin_k": 0.1, "vitamin_b1": 2.3, "vitamin_b2": 0.26, "vitamin_b3": null, "vitamin_b6": 0.1, "vitamin_b9": null, "vitamin_b12": 0.02, "calcium": 16.0, "iron": 1.9, "magnesium": 19.0, "phosphorus": 68.0, "potassium": 55.0, "sodium": 2.0, "zinc": 0.8, "copper": 0.07, "manganese": 0.7, "created_at": "2026-02-05T07:11:54.303Z"}}, {"model": "foods.food", "pk": 2, "fields": {"name": "Chicken Adobo", "serving": "1 cup", "calories": 250.0, "water": 140.0, "total_fat": 16.0, "saturated_fat": 4.0, "monounsaturated_fat": 7.0, "polyunsaturated_fat": 3.0, "trans_fat": 12.0, "cholesterol": 95.0, "total_carbs": 3.0, "fiber": 0.0, "sugars": 1.0, "starch": 1.0, "protein": 23.0, "vitamin_a": 25.0, "vitamin_c": 2.0, "vitamin_e": 0.6, "vitamin_k": 3.0, "vitamin_b1": 6.5, "vitamin_b2": 0.07, "vitamin_b3": null, "vitamin_b6": 0.4, "vitamin_b9": null, "vitamin_b12": 0.15, "calcium": 18.0, "iron": 1.3, "magnesium": 24.0, "phosphorus": 210.0, "potassium": 260.0, "sodium": 820.0, "zinc": 2.1, "copper": 0.08, "manganese": 0.02, "created_at": "2026-02-06T06:58:24.110Z"}}, {"model": "foods.food", "pk": 3, "fields": {"name": "Sinigang na Baboy", "serving": "1 bowl", "calories": 320.0, "water": 180.0, "total_fat": 22.0, "saturated_fat": 8.0, "monounsaturated_fat": 10.0, "polyunsaturated_fat": 3.0, "trans_fat": 20.0, "cholesterol": 90.0, "total_carbs": 6.0, "fiber": 1.5, "sugars": 2.0, "starch": 3.0, "protein": 24.0, "vitamin_a": 40.0, "vitamin_c": 18.0, "vitamin_e": 0.4, "vitamin_k": 6.0, "vitamin_b1": 4.8, "vitamin_b2": 0.6, "vitamin_b3": null, "vitamin_b6": 0.3, "vitamin_b9": null, "vitamin_b12": 0.2, "calcium": 35.0, "iron": 2.4, "magnesium": 30.0, "phosphorus": 240.0, "potassium": 420.0, "sodium": 700.0, "zinc": 3.2, "copper": 0.1, "manganese": 0.3, "created_at": "2026-02-06T06:58:33.300Z"}}, {"model": "foods.food", "pk": 4, "fields": {"name": "Banana Cue", "serving": "1 stick", "calories": 210.0, "water": 60.0, "total_fat": 6.0, "saturated_fat": 2.0, "monounsaturated_fat": 3.0, "polyunsaturated_fat": 1.0, "trans_fat": 24.0, "cholesterol": 0.0, "total_carbs": 38.0, "fiber": 2.5, "sugars": 18.0, "starch": 30.0, "protein": 1.5, "vitamin_a": 5.0, "vitamin_c": 9.0, "vitamin_e": 0.3, "vitamin_k": 1.0, "vitamin_b1": 0.8, "vitamin_b2": 0.05, "vitamin_b3": null, "vitamin_b6": 0.4, "vitamin_b9": null, "vitamin_b12": 0.04, "calcium": 6.0, "iron": 0.6, "magnesium": 32.0, "phosphorus": 28.0, "potassium": 360.0, "sodium": 2.0, "zinc": 0.3, "copper": 0.09, "manganese": 0.3, "created_at": "2026-02-06T06:58:42.550Z"}}, {"model": "foods.food", "pk": 5, "fields": {"name": "Pork Sisig", "serving": "1 cup", "calories": 420.0, "water": 110.0, "total_fat": 32.0, "saturated_fat": 11.0, "monounsaturated_fat": 14.0, "polyunsaturated_fat": 4.0, "trans_fat": 14.0, "cholesterol": 135.0, "total_carbs": 5.0, "fiber": 0.5, "sugars": 1.0, "starch": 2.0, "protein": 23.0, "vitamin_a": 18.0, "vitamin_c": 6.0, "vitamin_e": 0.6, "vitamin_k": 5.0, "vitamin_b1": 5.9, "vitamin_b2": 0.7, "vitamin_b3": null, "vitamin_b6": 0.3, "vitamin_b9": null, "vitamin_b12": 0.25, "calcium": 32.0, "iron": 2.9, "magnesium": 28.0, "phosphorus": 260.0, "potassium": 390.0, "sodium": 980.0, "zinc": 3.4, "copper": 0.12, "manganese": 0.2, "created_at": "2026-02-06T06:59:14.912Z"}}, {"model": "foods.food", "pk": 6, "fields": {"name": "Kare-Kare (Beef)", "serving": "1 cup", "calories": 360.0, "water": 150.0, "total_fat": 26.0, "saturated_fat": 7.0, "monounsaturated_fat": 12.0, "polyunsaturated_fat": 5.0, "trans_fat": 30.0, "cholesterol": 85.0, "total_carbs": 8.0, "fiber": 2.0, "sugars": 2.0, "starch": 3.0, "protein": 22.0, "vitamin_a": 120.0, "vitamin_c": 7.0, "vitamin_e": 2.3, "vitamin_k": 22.0, "vitamin_b1": 4.1, "vitamin_b2": 0.09, "vitamin_b3": null, "vitamin_b6": 0.35, "vitamin_b9": null, "vitamin_b12": 0.18, "calcium": 55.0, "iron": 3.1, "magnesium": 42.0, "phosphorus": 240.0, "potassium": 410.0, "sodium": 620.0, "zinc": 4.2, "copper": 0.15, "manganese": 0.5, "created_at": "2026-02-06T06:59:21.247Z"}}, {"model": "foods.food", "pk": 7, "fields": {"name": "Lumpiang Shanghai", "serving": "5 pieces", "calories": 300.0, "water": 75.0, "total_fat": 20.0, "saturated_fat": 5.0, "monounsaturated_fat": 9.0, "polyunsaturated_fat": 4.0, "trans_fat": 28.0, "cholesterol": 55.0, "total_carbs": 18.0, "fiber": 1.5, "sugars": 2.0, "starch": 12.0, "protein": 13.0, "vitamin_a": 35.0, "vitamin_c": 4.0, "vitamin_e": 1.2, "vitamin_k": 18.0, "vitamin_b1": 3.4, "vitamin_b2": 0.2, "vitamin_b3": null, "vitamin_b6": 0.15, "vitamin_b9": null, "vitamin_b12": 0.12, "calcium": 28.0, "iron": 1.6, "magnesium": 22.0, "phosphorus": 160.0, "potassium": 260.0, "sodium": 540.0, "zinc": 1.9, "copper": 0.1, "manganese": 0.3, "created_at": "2026-02-06T06:59:49.738Z"}}, {"model": "foods.food", "pk": 8, "fields": {"name": "Bicol Express", "serving": "1 cup", "calories": 380.0, "water": 120.0, "total_fat": 30.0, "saturated_fat": 18.0, "monounsaturated_fat": 8.0, "polyunsaturated_fat": 3.0, "trans_fat": 16.0, "cholesterol": 75.0, "total_carbs": 6.0, "fiber": 1.0, "sugars": 2.0, "starch": 2.0, "protein": 20.0, "vitamin_a": 22.0, "vitamin_c": 8.0, "vitamin_e": 0.9, "vitamin_k": 4.0, "vitamin_b1": 4.7, "vitamin_b2": 0.6, "vitamin_b3": null, "vitamin_b6": 0.25, "vitamin_b9": null, "vitamin_b12": 0.14, "calcium": 26.0, "iron": 2.5, "magnesium": 34.0, "phosphorus": 210.0, "potassium": 360.0, "sodium": 680.0, "zinc": 3.1, "copper": 0.11, "manganese": 0.4, "created_at": "2026-02-06T06:59:57.223Z"}}, {"model": "foods.food", "pk": 9, "fields": {"name": "Tapsilog", "serving": "1 plate", "calories": 560.0, "water": 160.0, "total_fat": 24.0, "saturated_fat": 8.0, "monounsaturated_fat": 11.0, "polyunsaturated_fat": 3.0, "trans_fat": 42.0, "cholesterol": 215.0, "total_carbs": 55.0, "fiber": 1.2, "sugars": 4.0, "starch": 48.0, "protein": 28.0, "vitamin_a": 120.0, "vitamin_c": 5.0, "vitamin_e": 1.6, "vitamin_k": 12.0, "vitamin_b1": 7.2, "vitamin_b2": 0.4, "vitamin_b3": null, "vitamin_b6": 0.5, "vitamin_b9": null, "vitamin_b12": 0.35, "calcium": 45.0, "iron": 3.8, "magnesium": 48.0, "phosphorus": 320.0, "potassium": 520.0, "sodium": 920.0, "zinc": 4.6, "copper": 0.2, "manganese": 0.6, "created_at": "2026-02-06T07:00:07.788Z"}}, {"model": "foods.food", "pk": 10, "fields": {"name": "Halo-Halo", "serving": "1 cup", "calories": 330.0, "water": 140.0, "total_fat": 9.0, "saturated_fat": 6.0, "monounsaturated_fat": 2.0, "polyunsaturated_fat": 1.0, "trans_fat": 60.0, "cholesterol": 35.0, "total_carbs": 58.0, "fiber": 3.0, "sugars": 32.0, "starch": 45.0, "protein": 7.0, "vitamin_a": 95.0, "vitamin_c": 6.0, "vitamin_e": 0.7, "vitamin_k": 3.0, "vitamin_b1": 1.8, "vitamin_b2": 0.15, "vitamin_b3": null, "vitamin_b6": 0.2, "vitamin_b9": null, "vitamin_b12": 0.2, "calcium": 110.0, "iron": 2.1, "magnesium": 36.0, "phosphorus": 180.0, "potassium": 410.0, "sodium": 90.0, "zinc": 1.4, "copper": 0.18, "manganese": 0.5, "created_at": "2026-02-06T07:00:13.824Z"}}, {"model": "foods.food", "pk": 11, "fields": {"name": "Bangus Inasal", "serving": "1 serving", "calories": 290.0, "water": 130.0, "total_fat": 18.0, "saturated_fat": 4.0, "monounsaturated_fat": 8.0, "polyunsaturated_fat": 5.0, "trans_fat": 18.0, "cholesterol": 85.0, "total_carbs": 4.0, "fiber": 0.5, "sugars": 1.0, "starch": 1.0, "protein": 26.0, "vitamin_a": 20.0, "vitamin_c": 3.0, "vitamin_e": 1.1, "vitamin_k": 1.0, "vitamin_b1": 6.8, "vitamin_b2": 0.1, "vitamin_b3": null, "vitamin_b6": 0.6, "vitamin_b9": null, "vitamin_b12": 0.2, "calcium": 40.0, "iron": 1.8, "magnesium": 44.0, "phosphorus": 300.0, "potassium": 480.0, "sodium": 260.0, "zinc": 1.6, "copper": 0.09, "manganese": 0.2, "created_at": "2026-02-06T07:00:22.325Z"}}, {"model": "foods.food", "pk": 12, "fields": {"name": "Boiled Egg", "serving": "1 large egg", "calories": 78.0, "water": 50.0, "total_fat": 5.3, "saturated_fat": 1.6, "monounsaturated_fat": 2.0, "polyunsaturated_fat": 0.7, "trans_fat": 22.0, "cholesterol": 186.0, "total_carbs": 0.6, "fiber": 0.0, "sugars": 0.6, "starch": 0.0, "protein": 6.3, "vitamin_a": 75.0, "vitamin_c": 0.0, "vitamin_e": 0.5, "vitamin_k": 0.3, "vitamin_b1": 0.04, "vitamin_b2": 0.04, "vitamin_b3": null, "vitamin_b6": 0.1, "vitamin_b9": null, "vitamin_b12": 0.26, "calcium": 28.0, "iron": 0.9, "magnesium": 5.0, "phosphorus": 86.0, "potassium": 63.0, "sodium": 62.0, "zinc": 0.6, "copper": 0.01, "manganese": 0.01, "created_at": "2026-02-06T07:02:43.533Z"}}, {"model": "foods.food", "pk": 13, "fields": {"name": "Fried Egg", "serving": "1 large egg", "calories": 90.0, "water": 45.0, "total_fat": 7.0, "saturated_fat": 2.0, "monounsaturated_fat": 2.8, "polyunsaturated_fat": 1.0, "trans_fat": 22.0, "cholesterol": 185.0, "total_carbs": 0.8, "fiber": 0.0, "sugars": 0.8, "starch": 0.0, "protein": 6.5, "vitamin_a": 80.0, "vitamin_c": 0.0, "vitamin_e": 0.7, "vitamin_k": 0.4, "vitamin_b1": 0.05, "vitamin_b2": 0.04, "vitamin_b3": null, "vitamin_b6": 0.1, "vitamin_b9": null, "vitamin_b12": 0.27, "calcium": 30.0, "iron": 1.0, "magnesium": 6.0, "phosphorus": 88.0, "potassium": 65.0, "sodium": 70.0, "zinc": 0.7, "copper": 0.02, "manganese": 0.01, "created_at": "2026-02-06T07:02:50.095Z"}}, {"model": "foods.food", "pk": 14, "fields": {"name": "Energen (Original)", "serving": "1 sachet", "calories": 160.0, "water": 30.0, "total_fat": 4.0, "saturated_fat": 2.0, "monounsaturated_fat": 1.0, "polyunsaturated_fat": 0.8, "trans_fat": 90.0, "cholesterol": 5.0, "total_carbs": 26.0, "fiber": 1.0, "sugars": 9.0, "starch": 22.0, "protein": 6.0, "vitamin_a": 450.0, "vitamin_c": 18.0, "vitamin_e": 3.0, "vitamin_k": 6.0, "vitamin_b1": 9.0, "vitamin_b2": 0.8, "vitamin_b3": null, "vitamin_b6": 0.5, "vitamin_b9": null, "vitamin_b12": 0.7, "calcium": 250.0, "iron": 6.0, "magnesium": 45.0, "phosphorus": 180.0, "potassium": 210.0, "sodium": 180.0, "zinc": 4.0, "copper": 0.3, "manganese": 1.2, "created_at": "2026-02-06T07:03:00.087Z"}}, {"model": "foods.food", "pk": 15, "fields": {"name": "Vitamilk (Soy Milk)", "serving": "1 pack (300 ml)", "calories": 180.0, "water": 220.0, "total_fat": 9.0, "saturated_fat": 1.5, "monounsaturated_fat": 3.5, "polyunsaturated_fat": 4.0, "trans_fat": 60.0, "cholesterol": 0.0, "total_carbs": 16.0, "fiber": 2.0, "sugars": 10.0, "starch": 6.0, "protein": 8.0, "vitamin_a": 150.0, "vitamin_c": 2.0, "vitamin_e": 1.5, "vitamin_k": 3.0, "vitamin_b1": 1.6, "vitamin_b2": 0.3, "vitamin_b3": null, "vitamin_b6": 0.2, "vitamin_b9": null, "vitamin_b12": 0.4, "calcium": 300.0, "iron": 3.2, "magnesium": 55.0, "phosphorus": 210.0, "potassium": 350.0, "sodium": 120.0, "zinc": 1.8, "copper": 0.4, "manganese": 0.6, "created_at": "2026-02-06T07:03:07.520Z"}}, {"model": "foods.food", "pk": 16, "fields": {"name": "Pancit BIhon", "serving": "1 cup", "calories": 180.0, "water": 100.0, "total_fat": 6.0, "saturated_fat": 1.5, "monounsaturated_fat": 2.0, "polyunsaturated_fat": 1.0, "trans_fat": null, "cholesterol": 25.0, "total_carbs": 28.0, "fiber": 2.0, "sugars": 3.0, "starch": 20.0, "protein": 7.0, "vitamin_a": 200.0, "vitamin_c": 8.0, "vitamin_e": 0.5, "vitamin_k": 10.0, "vitamin_b1": null, "vitamin_b2": null, "vitamin_b3": null, "vitamin_b6": 0.2, "vitamin_b9": null, "vitamin_b12": null, "calcium": 35.0, "iron": 1.5, "magnesium": 25.0, "phosphorus": 120.0, "potassium": 220.0, "sodium": 600.0, "zinc": 1.2, "copper": 0.1, "manganese": 0.4, "created_at": "2026-03-11T02:22:19.088Z"}}, {"model": "foods.food", "pk": 17, "fields": {"name": "Siomai (Filipino Street Food - Pork)", "serving": "1 piece (~35 g)", "calories": 45.0, "water": 18.0, "total_fat": 2.5, "saturated_fat": 0.9, "monounsaturated_fat": 1.0, "polyunsaturated_fat": 0.3, "trans_fat": null, "cholesterol": 8.0, "total_carbs": 2.5, "fiber": 0.2, "sugars": 0.3, "starch": 2.0, "protein": 3.0, "vitamin_a": 10.0, "vitamin_c": 0.2, "vitamin_e": 0.1, "vitamin_k": 1.0, "vitamin_b1": null, "vitamin_b2": null, "vitamin_b3": null, "vitamin_b6": 0.05, "vitamin_b9": null, "vitamin_b12": null, "calcium": 12.0, "iron": 0.5, "magnesium": 6.0, "phosphorus": 35.0, "potassium": 55.0, "sodium": 120.0, "zinc": 0.6, "copper": 0.05, "manganese": 0.08, "created_at": "2026-03-12T02:26:49.107Z"}}, {"model": "foods.food", "pk": 18, "fields": {"name": "Fried Chicken Breast", "serving": "1 piece (~150 g)", "calories": 320.0, "water": 80.0, "total_fat": 18.0, "saturated_fat": 5.0, "monounsaturated_fat": 7.0, "polyunsaturated_fat": 4.0, "trans_fat": null, "cholesterol": 95.0, "total_carbs": 8.0, "fiber": 0.4, "sugars": 0.5, "starch": 6.0, "protein": 32.0, "vitamin_a": 60.0, "vitamin_c": 0.0, "vitamin_e": 0.8, "vitamin_k": 4.0, "vitamin_b1": null, "vitamin_b2": null, "vitamin_b3": null, "vitamin_b6": 0.6, "vitamin_b9": null, "vitamin_b12": null, "calcium": 25.0, "iron": 1.8, "magnesium": 35.0, "phosphorus": 260.0, "potassium": 360.0, "sodium": 520.0, "zinc": 1.6, "copper": 0.08, "manganese": 0.12, "created_at": "2026-03-12T03:22:30.370Z"}}, {"model": "foods.food", "pk": 19, "fields": {"name": "Fried Chicken Thigh", "serving": "1 piece (~120 g)", "calories": 280.0, "water": 70.0, "total_fat": 20.0, "saturated_fat": 6.0, "monounsaturated_fat": 8.0, "polyunsaturated_fat": 4.0, "trans_fat": null, "cholesterol": 90.0, "total_carbs": 6.0, "fiber": 0.3, "sugars": 0.4, "starch": 5.0, "protein": 22.0, "vitamin_a": 70.0, "vitamin_c": 0.0, "vitamin_e": 0.7, "vitamin_k": 4.0, "vitamin_b1": null, "vitamin_b2": null, "vitamin_b3": null, "vitamin_b6": 0.45, "vitamin_b9": null, "vitamin_b12": null, "calcium": 22.0, "iron": 1.5, "magnesium": 28.0, "phosphorus": 210.0, "potassium": 300.0, "sodium": 480.0, "zinc": 1.8, "copper": 0.07, "manganese": 0.11, "created_at": "2026-03-12T03:22:37.208Z"}}, {"model": "foods.food", "pk": 20, "fields": {"name": "Fried Chicken Drumstick", "serving": "1 piece (~90 g)", "calories": 180.0, "water": 55.0, "total_fat": 11.0, "saturated_fat": 3.0, "monounsaturated_fat": 4.0, "polyunsaturated_fat": 2.5, "trans_fat": null, "cholesterol": 75.0, "total_carbs": 5.0, "fiber": 0.2, "sugars": 0.3, "starch": 4.0, "protein": 16.0, "vitamin_a": 55.0, "vitamin_c": 0.0, "vitamin_e": 0.6, "vitamin_k": 3.0, "vitamin_b1": null, "vitamin_b2": null, "vitamin_b3": null, "vitamin_b6": 0.35, "vitamin_b9": null, "vitamin_b12": null, "calcium": 18.0, "iron": 1.2, "magnesium": 20.0, "phosphorus": 160.0, "potassium": 230.0, "sodium": 360.0, "zinc": 1.3, "copper": 0.06, "manganese": 0.09, "created_at": "2026-03-12T03:22:48.100Z"}}, {"model": "foods.food", "pk": 21, "fields": {"name": "Fried Chicken Wing", "serving": "1 piece (~60 g)", "calories": 140.0, "water": 38.0, "total_fat": 9.0, "saturated_fat": 2.5, "monounsaturated_fat": 3.5, "polyunsaturated_fat": 2.0, "trans_fat": null, "cholesterol": 60.0, "total_carbs": 4.0, "fiber": 0.2, "sugars": 0.2, "starch": 3.0, "protein": 12.0, "vitamin_a": 50.0, "vitamin_c": 0.0, "vitamin_e": 0.5, "vitamin_k": 3.0, "vitamin_b1": null, "vitamin_b2": null, "vitamin_b3": null, "vitamin_b6": 0.25, "vitamin_b9": null, "vitamin_b12": null, "calcium": 15.0, "iron": 0.9, "magnesium": 16.0, "phosphorus": 120.0, "potassium": 180.0, "sodium": 300.0, "zinc": 1.0, "copper": 0.05, "manganese": 0.07, "created_at": "2026-03-12T03:23:03.236Z"}}, {"model": "foods.food", "pk": 22, "fields": {"name": "Taho", "serving": "1/2 cup (~120 g)", "calories": 90.0, "water": 85.0, "total_fat": 3.0, "saturated_fat": 0.5, "monounsaturated_fat": 1.2, "polyunsaturated_fat": 1.0, "trans_fat": null, "cholesterol": 0.0, "total_carbs": 12.0, "fiber": 1.0, "sugars": 8.0, "starch": 3.0, "protein": 6.0, "vitamin_a": 20.0, "vitamin_c": 0.0, "vitamin_e": 0.4, "vitamin_k": 2.0, "vitamin_b1": null, "vitamin_b2": null, "vitamin_b3": null, "vitamin_b6": 0.05, "vitamin_b9": null, "vitamin_b12": null, "calcium": 120.0, "iron": 1.3, "magnesium": 30.0, "phosphorus": 90.0, "potassium": 150.0, "sodium": 15.0, "zinc": 0.7, "copper": 0.2, "manganese": 0.4, "created_at": "2026-03-12T03:25:06.957Z"}}, {"model": "foods.food", "pk": 23, "fields": {"name": "Salted Peanuts", "serving": "1 oz (~28 g)", "calories": 160.0, "water": 1.0, "total_fat": 13.6, "saturated_fat": 2.0, "monounsaturated_fat": 6.8, "polyunsaturated_fat": 4.0, "trans_fat": null, "cholesterol": 0.0, "total_carbs": 5.6, "fiber": 2.4, "sugars": 0.8, "starch": 2.0, "protein": 7.2, "vitamin_a": 0.0, "vitamin_c": 0.0, "vitamin_e": 2.4, "vitamin_k": 0.4, "vitamin_b1": null, "vitamin_b2": null, "vitamin_b3": null, "vitamin_b6": 0.14, "vitamin_b9": null, "vitamin_b12": null, "calcium": 24.0, "iron": 1.0, "magnesium": 48.0, "phosphorus": 136.0, "potassium": 208.0, "sodium": 120.0, "zinc": 0.9, "copper": 0.28, "manganese": 0.48, "created_at": "2026-03-12T03:26:36.442Z"}}, {"model": "foods.food", "pk": 24, "fields": {"name": "Sugar-Coated Peanuts", "serving": "1 oz (~28 g)", "calories": 172.0, "water": 1.0, "total_fat": 11.2, "saturated_fat": 1.6, "monounsaturated_fat": 5.6, "polyunsaturated_fat": 3.2, "trans_fat": null, "cholesterol": 0.0, "total_carbs": 12.0, "fiber": 1.6, "sugars": 8.0, "starch": 3.2, "protein": 4.8, "vitamin_a": 0.0, "vitamin_c": 0.0, "vitamin_e": 1.6, "vitamin_k": 0.4, "vitamin_b1": null, "vitamin_b2": null, "vitamin_b3": null, "vitamin_b6": 0.1, "vitamin_b9": null, "vitamin_b12": null, "calcium": 18.0, "iron": 0.7, "magnesium": 36.0, "phosphorus": 104.0, "potassium": 168.0, "sodium": 48.0, "zinc": 0.6, "copper": 0.2, "manganese": 0.36, "created_at": "2026-03-12T03:26:45.490Z"}}, {"model": "foods.food", "pk": 25, "fields": {"name": "Black Coffee", "serving": "1 cup (240 ml)", "calories": 2.0, "water": 237.0, "total_fat": 0.0, "saturated_fat": 0.0, "monounsaturated_fat": 0.0, "polyunsaturated_fat": 0.0, "trans_fat": null, "cholesterol": 0.0, "total_carbs": 0.0, "fiber": 0.0, "sugars": 0.0, "starch": 0.0, "protein": 0.3, "vitamin_a": 0.0, "vitamin_c": 0.0, "vitamin_e": 0.0, "vitamin_k": 0.0, "vitamin_b1": null, "vitamin_b2": null, "vitamin_b3": null, "vitamin_b6": 0.01, "vitamin_b9": null, "vitamin_b12": null, "calcium": 5.0, "iron": 0.02, "magnesium": 7.0, "phosphorus": 7.0, "potassium": 116.0, "sodium": 5.0, "zinc": 0.05, "copper": 0.01, "manganese": 0.03, "created_at": "2026-03-12T03:30:27.931Z"}}, {"model": "foods.food", "pk": 26, "fields": {"name": "7-Eleven Hot Chocolate", "serving": "1 cup (240 ml)", "calories": 180.0, "water": 200.0, "total_fat": 3.0, "saturated_fat": 2.5, "monounsaturated_fat": 0.3, "polyunsaturated_fat": 0.1, "trans_fat": null, "cholesterol": 3.0, "total_carbs": 36.0, "fiber": 0.0, "sugars": 32.0, "starch": 4.0, "protein": 4.0, "vitamin_a": 120.0, "vitamin_c": 0.0, "vitamin_e": 0.3, "vitamin_k": 1.0, "vitamin_b1": null, "vitamin_b2": null, "vitamin_b3": null, "vitamin_b6": 0.05, "vitamin_b9": null, "vitamin_b12": null, "calcium": 220.0, "iron": 0.9, "magnesium": 25.0, "phosphorus": 160.0, "potassium": 280.0, "sodium": 260.0, "zinc": 0.9, "copper": 0.06, "manganese": 0.15, "created_at": "2026-03-12T03:31:09.346Z"}}, {"model": "foods.food", "pk": 27, "fields": {"name": "Bicol Express", "serving": "1 cup (~200 g)", "calories": 420.0, "water": 110.0, "total_fat": 32.0, "saturated_fat": 18.0, "monounsaturated_fat": 9.0, "polyunsaturated_fat": 3.0, "trans_fat": null, "cholesterol": 75.0, "total_carbs": 10.0, "fiber": 2.0, "sugars": 3.0, "starch": 4.0, "protein": 22.0, "vitamin_a": 60.0, "vitamin_c": 6.0, "vitamin_e": 1.5, "vitamin_k": 5.0, "vitamin_b1": null, "vitamin_b2": null, "vitamin_b3": null, "vitamin_b6": 0.45, "vitamin_b9": null, "vitamin_b12": null, "calcium": 55.0, "iron": 2.2, "magnesium": 45.0, "phosphorus": 230.0, "potassium": 420.0, "sodium": 780.0, "zinc": 2.6, "copper": 0.2, "manganese": 0.6, "created_at": "2026-03-12T05:42:38.743Z"}}, {"model": "logs.dailylog", "pk": 1, "fields": {"user": 1, "food": 5, "meal_type": "breakfast", "quantity": 1, "created_at": "2026-02-06"}}, {"model": "logs.dailylog", "pk": 2, "fields": {"user": 1, "food": 2, "meal_type": "breakfast", "quantity": 2, "created_at": "2026-02-06"}}, {"model": "logs.dailylog", "pk": 3, "fields": {"user": 1, "food": 5, "meal_type": "breakfast", "quantity": 2, "created_at": "2026-02-07"}}, {"model": "logs.dailylog", "pk": 4, "fields": {"user": 1, "food": 5, "meal_type": "breakfast", "quantity": 2, "created_at": "2026-02-07"}}, {"model": "logs.dailylog", "pk": 5, "fields": {"user": 1, "food": 5, "meal_type": "breakfast", "quantity": 2, "created_at": "2026-02-07"}}, {"model": "logs.dailylog", "pk": 6, "fields": {"user": 1, "food": 5, "meal_type": "breakfast", "quantity": 2, "created_at": "2026-02-07"}}, {"model": "logs.dailylog", "pk": 7, "fields": {"user": 1, "food": 5, "meal_type": "breakfast", "quantity": 2, "created_at": "2026-02-07"}}, {"model": "logs.dailylog", "pk": 8, "fields": {"user": 1, "food": 5, "meal_type": "breakfast", "quantity": 2, "created_at": "2026-02-07"}}, {"model": "logs.dailylog", "pk": 9, "fields": {"user": 1, "food": 5, "meal_type": "breakfast", "quantity": 2, "created_at": "2026-02-07"}}, {"model": "logs.dailylog", "pk": 10, "fields": {"user": 1, "food": 5, "meal_type": "breakfast", "quantity": 2, "created_at": "2026-02-07"}}, {"model": "logs.dailylog", "pk": 11, "fields": {"user": 1, "food": 5, "meal_type": "breakfast", "quantity": 2, "created_at": "2026-02-07"}}, {"model": "logs.dailylog", "pk": 13, "fields": {"user": 1, "food": 2, "meal_type": "breakfast", "quantity": 2, "created_at": "2026-02-07"}}, {"model": "logs.dailylog", "pk": 14, "fields": {"user": 1, "food": 9, "meal_type": "breakfast", "quantity": 2, "created_at": "2026-02-07"}}, {"model": "logs.dailylog", "pk": 15, "fields": {"user": 1, "food": 10, "meal_type": "breakfast", "quantity": 1, "created_at": "2026-02-08"}}, {"model": "logs.dailylog", "pk": 16, "fields": {"user": 1, "food": 1, "meal_type": "breakfast", "quantity": 1, "created_at": "2026-02-09"}}, {"model": "logs.dailylog", "pk": 17, "fields": {"user": 1, "food": 2, "meal_type": "breakfast", "quantity": 1, "created_at": "2026-02-09"}}, {"model": "logs.dailylog", "pk": 18, "fields": {"user": 1, "food": 10, "meal_type": "breakfast", "quantity": 1, "created_at": "2026-02-09"}}, {"model": "logs.dailylog", "pk": 19, "fields": {"user": 1, "food": 10, "meal_type": "breakfast", "quantity": 1, "created_at": "2026-02-09"}}, {"model": "logs.dailylog", "pk": 20, "fields": {"user": 1, "food": 5, "meal_type": "breakfast", "quantity": 1, "created_at": "2026-02-09"}}, {"model": "logs.dailylog", "pk": 21, "fields": {"user": 1, "food": 1, "meal_type": "breakfast", "quantity": 1, "created_at": "2026-02-10"}}, {"model": "logs.dailylog", "pk": 22, "fields": {"user": 1, "food": 2, "meal_type": "breakfast", "quantity": 1, "created_at": "2026-02-10"}}, {"model": "logs.dailylog", "pk": 23, "fields": {"user": 1, "food": 10, "meal_type": "breakfast", "quantity": 1, "created_at": "2026-02-10"}}, {"model": "logs.dailylog", "pk": 24, "fields": {"user": 1, "food": 1, "meal_type": "breakfast", "quantity": 1, "created_at": "2026-02-10"}}, {"model": "logs.dailylog", "pk": 25, "fields": {"user": 1, "food": 2, "meal_type": "breakfast", "quantity": 1, "created_at": "2026-02-10"}}, {"model": "logs.dailylog", "pk": 30, "fields": {"user": 1, "food": 14, "meal_type": "breakfast", "quantity": 1, "created_at": "2026-03-11"}}, {"model": "logs.dailylog", "pk": 31, "fields": {"user": 1, "food": 1, "meal_type": "lunch", "quantity": 1, "created_at": "2026-03-11"}}, {"model": "logs.dailylog", "pk": 36, "fields": {"user": 1, "food": 14, "meal_type": "breakfast", "quantity": 1, "created_at": "2026-03-12"}}, {"model": "logs.dailylog", "pk": 41, "fields": {"user": 1, "food": 17, "meal_type": "breakfast", "quantity": 1, "created_at": "2026-03-12"}}, {"model": "logs.dailylog", "pk": 42, "fields": {"user": 1, "food": 17, "meal_type": "breakfast", "quantity": 1, "created_at": "2026-03-12"}}, {"model": "logs.dailylog", "pk": 46, "fields": {"user": 1, "food": 17, "meal_type": "breakfast", "quantity": 1, "created_at": "2026-03-12"}}, {"model": "logs.dailylog", "pk": 49, "fields": {"user": 1, "food": 17, "meal_type": "breakfast", "quantity": 1, "created_at": "2026-03-12"}}, {"model": "logs.dailylog", "pk": 50, "fields": {"user": 1, "food": 12, "meal_type": "breakfast", "quantity": 1, "created_at": "2026-03-11"}}, {"model": "logs.dailylog", "pk": 51, "fields": {"user": 1, "food": 12, "meal_type": "breakfast", "quantity": 1, "created_at": "2026-03-11"}}, {"model": "logs.dailylog", "pk": 52, "fields": {"user": 1, "food": 18, "meal_type": "lunch", "quantity": 1, "created_at": "2026-03-11"}}, {"model": "logs.dailylog", "pk": 53, "fields": {"user": 1, "food": 21, "meal_type": "lunch", "quantity": 1, "created_at": "2026-03-11"}}, {"model": "logs.dailylog", "pk": 54, "fields": {"user": 1, "food": 21, "meal_type": "lunch", "quantity": 1, "created_at": "2026-03-11"}}, {"model": "logs.dailylog", "pk": 56, "fields": {"user": 1, "food": 17, "meal_type": "breakfast", "quantity": 1, "created_at": "2026-03-11"}}, {"model": "logs.dailylog", "pk": 57, "fields": {"user": 1, "food": 17, "meal_type": "breakfast", "quantity": 1, "created_at": "2026-03-11"}}, {"model": "logs.dailylog", "pk": 58, "fields": {"user": 1, "food": 17, "meal_type": "breakfast", "quantity": 1, "created_at": "2026-03-11"}}, {"model": "logs.dailylog", "pk": 59, "fields": {"user": 1, "food": 17, "meal_type": "breakfast", "quantity": 1, "created_at": "2026-03-11"}}, {"model": "logs.dailylog", "pk": 60, "fields": {"user": 1, "food": 17, "meal_type": "breakfast", "quantity": 1, "created_at": "2026-03-11"}}, {"model": "logs.dailylog", "pk": 62, "fields": {"user": 1, "food": 23, "meal_type": "snack", "quantity": 1, "created_at": "2026-03-11"}}, {"model": "logs.dailylog", "pk": 63, "fields": {"user": 1, "food": 24, "meal_type": "snack", "quantity": 1, "created_at": "2026-03-11"}}, {"model": "logs.dailylog", "pk": 64, "fields": {"user": 1, "food": 1, "meal_type": "dinner", "quantity": 1, "created_at": "2026-03-11"}}, {"model": "logs.dailylog", "pk": 65, "fields": {"user": 1, "food": 20, "meal_type": "dinner", "quantity": 1, "created_at": "2026-03-11"}}, {"model": "logs.dailylog", "pk": 66, "fields": {"user": 1, "food": 20, "meal_type": "dinner", "quantity": 1, "created_at": "2026-03-11"}}, {"model": "logs.dailylog", "pk": 67, "fields": {"user": 1, "food": 20, "meal_type": "dinner", "quantity": 1, "created_at": "2026-03-11"}}, {"model": "logs.dailylog", "pk": 68, "fields": {"user": 1, "food": 25, "meal_type": "snack", "quantity": 1, "created_at": "2026-03-11"}}, {"model": "logs.dailylog", "pk": 69, "fields": {"user": 1, "food": 26, "meal_type": "snack", "quantity": 1, "created_at": "2026-03-11"}}, {"model": "logs.dailylog", "pk": 70, "fields": {"user": 1, "food": 1, "meal_type": "lunch", "quantity": 1, "created_at": "2026-03-12"}}, {"model": "logs.dailylog", "pk": 71, "fields": {"user": 1, "food": 27, "meal_type": "lunch", "quantity": 1, "created_at": "2026-03-12"}}]